session_id,student_id,quiz_score,time_taken,mistakes,topic,difficulty,learning_style,timestamp
4782c881-0c1b-4b96-ba66-742bd6378a96,ae8eb4b3-aa25-4b1f-895e-522998b63d4c,91.7,39,1,philosophy,6,fast_learner,2026-06-01T05:00:52.938766+00:00
49529f47-433d-4c1e-830f-148cdfbef97c,ae8eb4b3-aa25-4b1f-895e-522998b63d4c,81.4,67,2,history,8,fast_learner,2026-06-01T05:00:52.939423+00:00
9698c06c-3716-4fe4-ab5e-d1214bb0ea66,ae8eb4b3-aa25-4b1f-895e-522998b63d4c,87.8,44,0,philosophy,10,fast_learner,2026-06-01T05:00:52.939449+00:00
f3c75b56-3c64-4937-b503-18a9557c60d4,ae8eb4b3-aa25-4b1f-895e-522998b63d4c,90.3,30,1,literature,7,fast_learner,2026-06-01T05:00:52.939470+00:00
9fc8c1b1-1e5a-45b9-aa6e-4f8dc815e2da,ae8eb4b3-aa25-4b1f-895e-522998b63d4c,93.0,60,2,biology,7,fast_learner,2026-06-01T05:00:52.939485+00:00
9bf57f95-c1b5-4eba-8b7e-532886299d42,ae8eb4b3-aa25-4b1f-895e-522998b63d4c,94.5,62,2,chemistry,9,fast_learner,2026-06-01T05:00:52.939496+00:00
ab12cec3-e892-476e-a769-c9e3271c1d01,ae8eb4b3-aa25-4b1f-895e-522998b63d4c,85.9,60,2,physics,6,fast_learner,2026-06-01T05:00:52.939507+00:00
14199d55-4e3f-4c30-94a8-0be7ecc73a5c,ae8eb4b3-aa25-4b1f-895e-522998b63d4c,85.4,51,1,economics,10,fast_learner,2026-06-01T05:00:52.939517+00:00
4173a191-98c2-46ff-90c4-6d4a4bf2baf9,ae8eb4b3-aa25-4b1f-895e-522998b63d4c,91.0,35,1,physics,9,fast_learner,2026-06-01T05:00:52.939527+00:00
f92bb583-b762-4f0a-9cc4-04fe201969d8,ae8eb4b3-aa25-4b1f-895e-522998b63d4c,85.0,32,1,computer_science,7,fast_learner,2026-06-01T05:00:52.939541+00:00
bf030782-cb5b-4691-8a2b-329a784301d6,ae8eb4b3-aa25-4b1f-895e-522998b63d4c,100.0,81,1,history,10,fast_learner,2026-06-01T05:00:52.939552+00:00
9b25c515-9d5e-4ced-a8f7-bbf169065862,ae8eb4b3-aa25-4b1f-895e-522998b63d4c,81.5,66,0,mathematics,9,fast_learner,2026-06-01T05:00:52.939562+00:00
2bb8dd92-6aaa-422a-8280-62461c36a73b,ae8eb4b3-aa25-4b1f-895e-522998b63d4c,94.7,64,0,biology,10,fast_learner,2026-06-01T05:00:52.939572+00:00
82e2591f-2697-41c0-b8e4-e57b1088e17c,ae8eb4b3-aa25-4b1f-895e-522998b63d4c,86.8,71,0,computer_science,8,fast_learner,2026-06-01T05:00:52.939581+00:00
3052fff7-a2f6-4ae1-af40-b374108ec33b,ae8eb4b3-aa25-4b1f-895e-522998b63d4c,87.4,71,0,computer_science,7,fast_learner,2026-06-01T05:00:52.939592+00:00
29d23182-487b-422e-a125-75236975a58c,ae8eb4b3-aa25-4b1f-895e-522998b63d4c,81.1,79,2,literature,10,fast_learner,2026-06-01T05:00:52.939601+00:00
57bf64f2-6956-4471-8a59-413207f57ac7,ae8eb4b3-aa25-4b1f-895e-522998b63d4c,89.7,73,1,computer_science,9,fast_learner,2026-06-01T05:00:52.939610+00:00
6670b437-6654-4952-a861-e575279c9e08,ae8eb4b3-aa25-4b1f-895e-522998b63d4c,93.9,69,2,economics,6,fast_learner,2026-06-01T05:00:52.939619+00:00
2a8341c6-735d-49e2-ae0f-78af62460545,ae8eb4b3-aa25-4b1f-895e-522998b63d4c,94.6,31,0,physics,8,fast_learner,2026-06-01T05:00:52.939628+00:00
0a2e031f-fc7b-41d2-9886-cba49a1883a6,ae8eb4b3-aa25-4b1f-895e-522998b63d4c,95.3,59,1,chemistry,10,fast_learner,2026-06-01T05:00:52.939637+00:00
9055345e-2e36-4fdb-a9cc-8638d4541182,ae8eb4b3-aa25-4b1f-895e-522998b63d4c,90.6,48,0,biology,10,fast_learner,2026-06-01T05:00:52.939645+00:00
34c118da-e7f8-4f19-aa6a-059a161638f6,ae8eb4b3-aa25-4b1f-895e-522998b63d4c,79.6,51,1,philosophy,10,fast_learner,2026-06-01T05:00:52.939654+00:00
a4d18b1e-5c52-4508-9905-716c8ce719ef,ae8eb4b3-aa25-4b1f-895e-522998b63d4c,80.7,55,2,mathematics,7,fast_learner,2026-06-01T05:00:52.939663+00:00
ae1980d8-304b-410b-83c8-5d64669f3c66,ae8eb4b3-aa25-4b1f-895e-522998b63d4c,86.2,77,0,physics,10,fast_learner,2026-06-01T05:00:52.939672+00:00
077a7b41-6a11-4a65-a9fe-fb72aba72a4c,ae8eb4b3-aa25-4b1f-895e-522998b63d4c,89.2,73,0,physics,9,fast_learner,2026-06-01T05:00:52.939680+00:00
dbf1eb31-498b-4d3c-8749-f082656b9d18,ae8eb4b3-aa25-4b1f-895e-522998b63d4c,95.1,55,1,physics,7,fast_learner,2026-06-01T05:00:52.939689+00:00
12609251-5efd-4c1f-8ba9-546dd85725ff,ae8eb4b3-aa25-4b1f-895e-522998b63d4c,82.6,72,0,economics,9,fast_learner,2026-06-01T05:00:52.939698+00:00
efcb2a35-27b6-460f-b306-850168c6428c,ae8eb4b3-aa25-4b1f-895e-522998b63d4c,92.3,95,0,geography,8,fast_learner,2026-06-01T05:00:52.939708+00:00
a14012ea-77b8-4f00-afee-8f705b8b9123,ae8eb4b3-aa25-4b1f-895e-522998b63d4c,87.9,54,1,geography,6,fast_learner,2026-06-01T05:00:52.939719+00:00
7a76a607-75c6-4cac-904c-b9439d6fdbdb,ae8eb4b3-aa25-4b1f-895e-522998b63d4c,94.1,41,2,economics,6,fast_learner,2026-06-01T05:00:52.939728+00:00
6a37e72e-e956-456c-b899-3f2df1205c45,ae8eb4b3-aa25-4b1f-895e-522998b63d4c,87.6,36,1,history,8,fast_learner,2026-06-01T05:00:52.939737+00:00
2e2cd6dc-b4b3-450e-8ce9-fb91ff2f4a20,ae8eb4b3-aa25-4b1f-895e-522998b63d4c,89.5,38,1,chemistry,8,fast_learner,2026-06-01T05:00:52.939745+00:00
2d5cdac9-f2f4-4eec-8e8f-bf7829899478,ae8eb4b3-aa25-4b1f-895e-522998b63d4c,92.1,79,1,mathematics,8,fast_learner,2026-06-01T05:00:52.939754+00:00
d4566830-8309-42c2-aa93-653a0c75c6c4,ae8eb4b3-aa25-4b1f-895e-522998b63d4c,83.6,83,0,history,7,fast_learner,2026-06-01T05:00:52.939762+00:00
46f63c2d-c690-4010-9194-ee4038ecb483,ae8eb4b3-aa25-4b1f-895e-522998b63d4c,92.3,56,0,philosophy,6,fast_learner,2026-06-01T05:00:52.939771+00:00
df34f753-b367-4302-99c0-cc6f1a2bb3fc,ae8eb4b3-aa25-4b1f-895e-522998b63d4c,93.3,44,2,geography,8,fast_learner,2026-06-01T05:00:52.939782+00:00
524388ca-cd0f-4ce8-8f4a-f8b14ca88839,ae8eb4b3-aa25-4b1f-895e-522998b63d4c,100.0,86,1,physics,10,fast_learner,2026-06-01T05:00:52.939790+00:00
b94370b3-52f1-41fa-81a2-c0eea4e42bc4,ae8eb4b3-aa25-4b1f-895e-522998b63d4c,83.9,89,0,computer_science,10,fast_learner,2026-06-01T05:00:52.939799+00:00
db689552-4c66-4a62-8a12-80ecb1658171,ae8eb4b3-aa25-4b1f-895e-522998b63d4c,83.7,47,2,mathematics,7,fast_learner,2026-06-01T05:00:52.939808+00:00
860c0cd2-8f53-48df-a4d4-c4a17143eb87,ae8eb4b3-aa25-4b1f-895e-522998b63d4c,100.0,52,2,philosophy,6,fast_learner,2026-06-01T05:00:52.939816+00:00
19b96c59-744a-42cf-9bdb-cb0ba8a95250,ae8eb4b3-aa25-4b1f-895e-522998b63d4c,84.4,79,1,history,7,fast_learner,2026-06-01T05:00:52.939825+00:00
48b6049a-96e9-4e66-b441-ae44277345d4,ae8eb4b3-aa25-4b1f-895e-522998b63d4c,100.0,61,1,computer_science,9,fast_learner,2026-06-01T05:00:52.939841+00:00
08e1c02b-0e4c-4daf-903a-f3497b6dc5d9,ae8eb4b3-aa25-4b1f-895e-522998b63d4c,84.8,62,1,physics,8,fast_learner,2026-06-01T05:00:52.939850+00:00
a6591db8-4d4f-4f7f-b884-944f964fcd2b,ae8eb4b3-aa25-4b1f-895e-522998b63d4c,79.9,58,1,geography,10,fast_learner,2026-06-01T05:00:52.939860+00:00
fda18477-6e10-455a-a810-a168ef32682e,ae8eb4b3-aa25-4b1f-895e-522998b63d4c,84.5,79,0,economics,6,fast_learner,2026-06-01T05:00:52.939868+00:00
41dcb98c-9fd4-4a24-9cd8-23ac5a5fac9a,ae8eb4b3-aa25-4b1f-895e-522998b63d4c,76.2,53,0,computer_science,6,fast_learner,2026-06-01T05:00:52.939879+00:00
f55fc6ee-76be-4138-82e3-d108e3dc9685,ae8eb4b3-aa25-4b1f-895e-522998b63d4c,75.8,39,0,economics,9,fast_learner,2026-06-01T05:00:52.939888+00:00
81b1d17a-728a-4fc9-aec4-3e85d95fdfd1,ae8eb4b3-aa25-4b1f-895e-522998b63d4c,84.3,56,0,computer_science,9,fast_learner,2026-06-01T05:00:52.939896+00:00
58638163-57dd-42f3-b26f-4181785b4560,ae8eb4b3-aa25-4b1f-895e-522998b63d4c,84.0,76,1,mathematics,9,fast_learner,2026-06-01T05:00:52.939905+00:00
a7d91633-7503-426b-831e-96cf639b428c,ae8eb4b3-aa25-4b1f-895e-522998b63d4c,86.5,69,2,computer_science,8,fast_learner,2026-06-01T05:00:52.939913+00:00
af765339-1dbc-4020-9017-61cbf9a8e35d,986306cc-fd07-4d6a-bec4-4667be72d18e,42.9,236,10,geography,3,slow_learner,2026-06-01T05:00:52.939923+00:00
1a6280de-4f6e-4719-8aa0-86021941b417,986306cc-fd07-4d6a-bec4-4667be72d18e,64.5,280,10,literature,1,slow_learner,2026-06-01T05:00:52.939931+00:00
51221d1d-7ddb-4699-b096-bc9ef98c58fe,986306cc-fd07-4d6a-bec4-4667be72d18e,42.7,209,6,computer_science,2,slow_learner,2026-06-01T05:00:52.939941+00:00
3a849fea-c57a-444f-889d-fd4b7698059e,986306cc-fd07-4d6a-bec4-4667be72d18e,73.1,241,6,literature,3,slow_learner,2026-06-01T05:00:52.939950+00:00
6c2fa415-97e0-440a-a1b1-7ec0800b6ca1,986306cc-fd07-4d6a-bec4-4667be72d18e,59.1,244,6,mathematics,2,slow_learner,2026-06-01T05:00:52.939958+00:00
c8ee0ce6-a653-4695-9ee0-af7a38c8467e,986306cc-fd07-4d6a-bec4-4667be72d18e,68.5,264,9,literature,4,slow_learner,2026-06-01T05:00:52.939967+00:00
7eadc3fd-755c-4adc-9da5-fa5ba6344f5a,986306cc-fd07-4d6a-bec4-4667be72d18e,53.2,254,11,history,3,slow_learner,2026-06-01T05:00:52.939976+00:00
77e7346d-8a09-4a3d-8c90-d4521ce10983,986306cc-fd07-4d6a-bec4-4667be72d18e,65.3,277,12,physics,3,slow_learner,2026-06-01T05:00:52.939985+00:00
9cfa95ac-4f52-4e8b-8b8b-b8b56f44dce6,986306cc-fd07-4d6a-bec4-4667be72d18e,53.0,216,9,chemistry,4,slow_learner,2026-06-01T05:00:52.939994+00:00
44eee0ea-c440-45a3-ade3-ee9d00d74604,986306cc-fd07-4d6a-bec4-4667be72d18e,58.6,276,7,physics,3,slow_learner,2026-06-01T05:00:52.940003+00:00
7a7cfc8c-be96-464d-8626-a690bdf46ead,986306cc-fd07-4d6a-bec4-4667be72d18e,45.5,294,10,chemistry,3,slow_learner,2026-06-01T05:00:52.940012+00:00
27aaa146-6371-45ed-ab01-7bbf45b16c15,986306cc-fd07-4d6a-bec4-4667be72d18e,43.8,287,9,geography,1,slow_learner,2026-06-01T05:00:52.940020+00:00
646abe2c-50fb-4052-8159-f615e356c59f,986306cc-fd07-4d6a-bec4-4667be72d18e,72.5,245,11,history,4,slow_learner,2026-06-01T05:00:52.940029+00:00
c6aebd73-53a7-4cda-8e4d-b561bb6e831b,986306cc-fd07-4d6a-bec4-4667be72d18e,58.1,230,5,biology,4,slow_learner,2026-06-01T05:00:52.940039+00:00
76d61f55-40b4-4318-9609-0b0d2f5ee704,986306cc-fd07-4d6a-bec4-4667be72d18e,54.6,177,8,chemistry,2,slow_learner,2026-06-01T05:00:52.940048+00:00
1014477e-0ad5-41cb-9ec8-9f43dbc28e03,986306cc-fd07-4d6a-bec4-4667be72d18e,54.6,173,9,mathematics,2,slow_learner,2026-06-01T05:00:52.940056+00:00
bb01fbec-2b87-4506-9ebf-90fbf9961367,986306cc-fd07-4d6a-bec4-4667be72d18e,60.7,247,10,philosophy,3,slow_learner,2026-06-01T05:00:52.940065+00:00
ece0bce6-ce72-45de-a55a-096856355b4e,986306cc-fd07-4d6a-bec4-4667be72d18e,48.2,222,13,physics,2,slow_learner,2026-06-01T05:00:52.940074+00:00
84277062-94f4-4424-9044-cac8f8ce3d2b,986306cc-fd07-4d6a-bec4-4667be72d18e,59.9,265,12,chemistry,4,slow_learner,2026-06-01T05:00:52.940082+00:00
91fd3fb1-f582-41d8-8b2e-7bec2dc6453e,986306cc-fd07-4d6a-bec4-4667be72d18e,45.4,210,6,literature,4,slow_learner,2026-06-01T05:00:52.940091+00:00
8e04185b-e96a-4600-bdce-d4e12505036b,986306cc-fd07-4d6a-bec4-4667be72d18e,50.2,239,13,philosophy,2,slow_learner,2026-06-01T05:00:52.940102+00:00
c8435ae6-6473-4e4f-90b4-63f9930ee6fd,986306cc-fd07-4d6a-bec4-4667be72d18e,69.9,253,6,physics,4,slow_learner,2026-06-01T05:00:52.940111+00:00
c9118b85-e973-4115-b8ca-69a17a5c3041,986306cc-fd07-4d6a-bec4-4667be72d18e,48.2,212,11,chemistry,4,slow_learner,2026-06-01T05:00:52.940120+00:00
8f6fd2e1-f8ee-47cf-82f9-ed7b49e19148,986306cc-fd07-4d6a-bec4-4667be72d18e,47.5,237,11,geography,1,slow_learner,2026-06-01T05:00:52.940128+00:00
edad1c34-04c9-47b1-afa7-da22ba4ce3ff,986306cc-fd07-4d6a-bec4-4667be72d18e,70.9,181,10,biology,2,slow_learner,2026-06-01T05:00:52.940136+00:00
dfe84215-9a3d-481a-906f-08a32e996acb,986306cc-fd07-4d6a-bec4-4667be72d18e,49.5,201,5,history,1,slow_learner,2026-06-01T05:00:52.940145+00:00
9f0527f3-3c80-48ac-bcfc-f726cff94518,986306cc-fd07-4d6a-bec4-4667be72d18e,47.0,281,10,computer_science,4,slow_learner,2026-06-01T05:00:52.940154+00:00
5b2fa87c-6b58-4c23-8d27-09930641bed9,986306cc-fd07-4d6a-bec4-4667be72d18e,57.1,288,9,physics,3,slow_learner,2026-06-01T05:00:52.940165+00:00
b65c5695-248f-40f6-a2d2-fb8739e63043,986306cc-fd07-4d6a-bec4-4667be72d18e,58.2,225,5,history,2,slow_learner,2026-06-01T05:00:52.940175+00:00
3cf5cd33-2717-47e0-891c-3a39248daa51,986306cc-fd07-4d6a-bec4-4667be72d18e,59.6,210,11,history,4,slow_learner,2026-06-01T05:00:52.940184+00:00
14f3a1c0-34c3-42a9-b1c9-ae9bb24a9b21,986306cc-fd07-4d6a-bec4-4667be72d18e,49.9,194,10,chemistry,4,slow_learner,2026-06-01T05:00:52.940192+00:00
b9045c2b-ee99-4ffc-ba07-81f90c59d092,986306cc-fd07-4d6a-bec4-4667be72d18e,61.0,281,11,literature,1,slow_learner,2026-06-01T05:00:52.940201+00:00
0beeff1a-d886-4416-a3b5-77ecf102f28c,986306cc-fd07-4d6a-bec4-4667be72d18e,58.8,246,13,computer_science,4,slow_learner,2026-06-01T05:00:52.940216+00:00
ea77c4e9-6544-4e3b-b4c8-217b6e4cfcb1,986306cc-fd07-4d6a-bec4-4667be72d18e,68.2,264,7,literature,3,slow_learner,2026-06-01T05:00:52.940224+00:00
25a9ffbd-97d9-40ef-8bbc-997eb9a4aeab,986306cc-fd07-4d6a-bec4-4667be72d18e,70.3,249,7,computer_science,1,slow_learner,2026-06-01T05:00:52.940233+00:00
f2aa15e9-dc23-4a36-82dd-0ca0f8a21e01,986306cc-fd07-4d6a-bec4-4667be72d18e,61.3,206,12,physics,1,slow_learner,2026-06-01T05:00:52.940242+00:00
8e832fd1-e15d-46de-966f-36d32f1298e1,986306cc-fd07-4d6a-bec4-4667be72d18e,52.7,254,6,literature,1,slow_learner,2026-06-01T05:00:52.940250+00:00
11131bc6-1a55-4a89-ae7a-fe72547f9baa,986306cc-fd07-4d6a-bec4-4667be72d18e,63.0,211,9,computer_science,2,slow_learner,2026-06-01T05:00:52.940259+00:00
86f1d51e-4a20-4af2-a4d8-0588be6ceef6,986306cc-fd07-4d6a-bec4-4667be72d18e,61.7,199,9,history,2,slow_learner,2026-06-01T05:00:52.940267+00:00
48bcc053-2797-4914-b8e0-950665b7fe30,986306cc-fd07-4d6a-bec4-4667be72d18e,56.0,236,12,history,3,slow_learner,2026-06-01T05:00:52.940275+00:00
0c29918e-fc98-48d6-880b-006335dfd047,986306cc-fd07-4d6a-bec4-4667be72d18e,51.8,219,6,philosophy,3,slow_learner,2026-06-01T05:00:52.940284+00:00
936954ec-5bce-4d01-a237-3853237d04bf,986306cc-fd07-4d6a-bec4-4667be72d18e,64.0,231,9,geography,1,slow_learner,2026-06-01T05:00:52.940293+00:00
4ad7640b-26a4-4a7f-bf37-bcd3dd5216c3,986306cc-fd07-4d6a-bec4-4667be72d18e,50.1,279,8,chemistry,1,slow_learner,2026-06-01T05:00:52.940301+00:00
42ae8a5e-7df1-47d2-8d82-793b746831d5,986306cc-fd07-4d6a-bec4-4667be72d18e,62.6,264,12,literature,4,slow_learner,2026-06-01T05:00:52.940310+00:00
a1803dad-f220-48cd-bd7d-be5382a4848f,986306cc-fd07-4d6a-bec4-4667be72d18e,58.3,257,9,biology,3,slow_learner,2026-06-01T05:00:52.940318+00:00
0370a06a-2845-44e2-87bf-3402fb75774c,986306cc-fd07-4d6a-bec4-4667be72d18e,49.3,280,8,geography,3,slow_learner,2026-06-01T05:00:52.940327+00:00
72288184-fde0-46ba-974d-a2cf60f185e9,986306cc-fd07-4d6a-bec4-4667be72d18e,66.6,309,9,computer_science,3,slow_learner,2026-06-01T05:00:52.940335+00:00
0ed84351-17d3-4620-8f4f-d885373b0225,986306cc-fd07-4d6a-bec4-4667be72d18e,57.2,246,5,biology,2,slow_learner,2026-06-01T05:00:52.940344+00:00
24e04c3c-f57c-4f7b-af55-be86a4c9e2f4,986306cc-fd07-4d6a-bec4-4667be72d18e,59.3,188,12,economics,3,slow_learner,2026-06-01T05:00:52.940352+00:00
9ac8ca8f-a9d7-4b0a-ba45-326fda79ebbd,986306cc-fd07-4d6a-bec4-4667be72d18e,61.8,266,8,physics,4,slow_learner,2026-06-01T05:00:52.940361+00:00
65b8ef0e-45a6-4fab-a899-11e5f2990f94,5ed41b03-2921-4e3b-8c28-2e68b089ce0f,88.9,188,3,mathematics,7,conceptual,2026-06-01T05:00:52.940370+00:00
caa511a6-9a51-40b2-9ea6-3fdefc9264c6,5ed41b03-2921-4e3b-8c28-2e68b089ce0f,82.5,140,2,economics,4,conceptual,2026-06-01T05:00:52.940379+00:00
97dbdaaa-832e-419b-ae58-72c553a3525f,5ed41b03-2921-4e3b-8c28-2e68b089ce0f,82.1,137,2,philosophy,5,conceptual,2026-06-01T05:00:52.940387+00:00
3cc135a6-86f1-45c7-a853-e854b486561b,5ed41b03-2921-4e3b-8c28-2e68b089ce0f,90.5,162,2,history,7,conceptual,2026-06-01T05:00:52.940395+00:00
4a2d0831-75a9-4c84-81c5-dd7794ac7e46,5ed41b03-2921-4e3b-8c28-2e68b089ce0f,68.8,127,4,chemistry,7,conceptual,2026-06-01T05:00:52.940404+00:00
7ac19c7d-521a-4fef-ad27-2548a91192e2,5ed41b03-2921-4e3b-8c28-2e68b089ce0f,89.8,127,4,philosophy,4,conceptual,2026-06-01T05:00:52.940412+00:00
3f42b422-5d9f-4f5b-a734-90b83ce7b655,5ed41b03-2921-4e3b-8c28-2e68b089ce0f,84.3,157,2,philosophy,8,conceptual,2026-06-01T05:00:52.940421+00:00
c0efd4a0-4618-4435-a746-a3180fd5d17d,5ed41b03-2921-4e3b-8c28-2e68b089ce0f,81.1,208,2,biology,5,conceptual,2026-06-01T05:00:52.940430+00:00
886740bc-764d-4e3f-a2d2-0fc7cc38ffa3,5ed41b03-2921-4e3b-8c28-2e68b089ce0f,67.7,175,2,history,8,conceptual,2026-06-01T05:00:52.940438+00:00
73f2c6bb-61af-49c6-8c01-4bd879c2bc81,5ed41b03-2921-4e3b-8c28-2e68b089ce0f,92.6,134,3,mathematics,8,conceptual,2026-06-01T05:00:52.940446+00:00
adc6225c-308c-4009-a0f2-4f01da84b108,5ed41b03-2921-4e3b-8c28-2e68b089ce0f,91.4,199,3,computer_science,5,conceptual,2026-06-01T05:00:52.940455+00:00
d8c2c7ee-e3a4-4952-aba8-db94bc5b3407,5ed41b03-2921-4e3b-8c28-2e68b089ce0f,78.9,137,3,biology,5,conceptual,2026-06-01T05:00:52.940463+00:00
8a3db2e3-9951-43d9-9c8e-1710baa090b5,5ed41b03-2921-4e3b-8c28-2e68b089ce0f,92.5,125,2,literature,6,conceptual,2026-06-01T05:00:52.940472+00:00
9c68f2a3-8871-4191-a5ae-564401a4680f,5ed41b03-2921-4e3b-8c28-2e68b089ce0f,79.1,167,4,chemistry,6,conceptual,2026-06-01T05:00:52.940482+00:00
bf35892e-2cd5-4c67-8410-80f732417ebd,5ed41b03-2921-4e3b-8c28-2e68b089ce0f,90.6,158,1,economics,5,conceptual,2026-06-01T05:00:52.940491+00:00
d2aba81a-d586-4a4b-87d4-dc9babe70e13,5ed41b03-2921-4e3b-8c28-2e68b089ce0f,84.2,155,4,physics,6,conceptual,2026-06-01T05:00:52.940499+00:00
9eaee8ad-4c90-4a39-b818-40afb8de743c,5ed41b03-2921-4e3b-8c28-2e68b089ce0f,76.3,146,3,economics,8,conceptual,2026-06-01T05:00:52.940508+00:00
1e64fd21-6bff-4984-a99a-835cf39fc6e4,5ed41b03-2921-4e3b-8c28-2e68b089ce0f,87.0,187,2,physics,6,conceptual,2026-06-01T05:00:52.940516+00:00
af9d2d7e-a987-410d-b90c-309ed6bd5317,5ed41b03-2921-4e3b-8c28-2e68b089ce0f,85.9,134,3,physics,7,conceptual,2026-06-01T05:00:52.940527+00:00
1f79dde9-ac68-47fe-ab20-3086c4bb21f4,5ed41b03-2921-4e3b-8c28-2e68b089ce0f,82.5,143,1,philosophy,5,conceptual,2026-06-01T05:00:52.940535+00:00
a2d75bdc-573b-42b4-b6a1-2e353fe9491e,5ed41b03-2921-4e3b-8c28-2e68b089ce0f,76.8,162,1,geography,7,conceptual,2026-06-01T05:00:52.940544+00:00
301d5924-7e80-42b2-a7de-b522d62e9d4a,5ed41b03-2921-4e3b-8c28-2e68b089ce0f,82.0,125,1,mathematics,8,conceptual,2026-06-01T05:00:52.940552+00:00
46a229f1-b93e-48ec-80fc-e681bd68fddc,5ed41b03-2921-4e3b-8c28-2e68b089ce0f,89.0,168,4,mathematics,4,conceptual,2026-06-01T05:00:52.940560+00:00
081a92ce-5036-4a0f-bcf4-38a69cf82fce,5ed41b03-2921-4e3b-8c28-2e68b089ce0f,81.2,146,4,biology,8,conceptual,2026-06-01T05:00:52.940569+00:00
65db0913-c879-4dec-8195-71516f5510eb,5ed41b03-2921-4e3b-8c28-2e68b089ce0f,78.4,175,2,biology,5,conceptual,2026-06-01T05:00:52.940580+00:00
ab1237fb-49a6-4e9b-a664-07955568493c,5ed41b03-2921-4e3b-8c28-2e68b089ce0f,78.3,150,2,biology,4,conceptual,2026-06-01T05:00:52.940589+00:00
1609f6ec-90cb-4d37-ab75-b48cfe743db4,5ed41b03-2921-4e3b-8c28-2e68b089ce0f,76.6,201,1,biology,6,conceptual,2026-06-01T05:00:52.940597+00:00
4ca362dc-e20b-46e0-b79f-a64adf5abaed,5ed41b03-2921-4e3b-8c28-2e68b089ce0f,74.4,204,1,computer_science,6,conceptual,2026-06-01T05:00:52.940605+00:00
e2ba55be-ad08-4b70-a8ff-3cdd60d066a8,5ed41b03-2921-4e3b-8c28-2e68b089ce0f,76.9,196,4,mathematics,4,conceptual,2026-06-01T05:00:52.940614+00:00
1ab19af4-3749-4d1a-acd6-8cf8e5a02a71,5ed41b03-2921-4e3b-8c28-2e68b089ce0f,95.3,188,3,geography,7,conceptual,2026-06-01T05:00:52.940623+00:00
96d6134f-2ac6-44fd-b340-090feda2f501,5ed41b03-2921-4e3b-8c28-2e68b089ce0f,87.9,119,1,biology,7,conceptual,2026-06-01T05:00:52.940632+00:00
10364697-288b-4f75-8a46-85f7e861951c,5ed41b03-2921-4e3b-8c28-2e68b089ce0f,79.2,196,4,literature,8,conceptual,2026-06-01T05:00:52.940640+00:00
d177af81-3783-4f40-8a56-1fec5c144bd0,5ed41b03-2921-4e3b-8c28-2e68b089ce0f,93.5,187,3,physics,7,conceptual,2026-06-01T05:00:52.940650+00:00
d5f4d42b-4f17-42f8-8360-c81c058f16a1,5ed41b03-2921-4e3b-8c28-2e68b089ce0f,88.1,166,1,biology,4,conceptual,2026-06-01T05:00:52.940658+00:00
aa85fe5c-885f-49a6-84d1-1a0254af1eb8,5ed41b03-2921-4e3b-8c28-2e68b089ce0f,88.1,176,3,philosophy,4,conceptual,2026-06-01T05:00:52.940666+00:00
eaf118be-8326-4dec-9e2d-af68c8f58778,5ed41b03-2921-4e3b-8c28-2e68b089ce0f,72.6,171,3,mathematics,6,conceptual,2026-06-01T05:00:52.940675+00:00
817f812c-9b79-48fd-8273-739f320d959b,5ed41b03-2921-4e3b-8c28-2e68b089ce0f,88.2,182,3,chemistry,5,conceptual,2026-06-01T05:00:52.940683+00:00
85bd9f9a-3fbe-419c-9fe3-a9ffa6ec4e2d,5ed41b03-2921-4e3b-8c28-2e68b089ce0f,75.8,167,4,philosophy,4,conceptual,2026-06-01T05:00:52.940696+00:00
e5577235-6335-441b-89f2-c5f2eeb01c6f,5ed41b03-2921-4e3b-8c28-2e68b089ce0f,86.1,145,4,biology,5,conceptual,2026-06-01T05:00:52.940704+00:00
3c2f941d-7602-4f27-82f9-43401b95849b,5ed41b03-2921-4e3b-8c28-2e68b089ce0f,85.3,135,2,computer_science,6,conceptual,2026-06-01T05:00:52.940712+00:00
d63b5e03-a36e-4032-af6c-df307730ebdb,5ed41b03-2921-4e3b-8c28-2e68b089ce0f,80.1,160,1,literature,8,conceptual,2026-06-01T05:00:52.940721+00:00
6f660625-74fb-4368-b767-7c0a34074d8e,5ed41b03-2921-4e3b-8c28-2e68b089ce0f,90.3,173,2,geography,7,conceptual,2026-06-01T05:00:52.940729+00:00
e69de0bc-a26a-4fbe-a291-0e3d687f0e0c,5ed41b03-2921-4e3b-8c28-2e68b089ce0f,86.0,141,1,computer_science,4,conceptual,2026-06-01T05:00:52.940737+00:00
ecec1548-e5ba-497d-aaa4-09aef817704c,5ed41b03-2921-4e3b-8c28-2e68b089ce0f,81.7,191,4,literature,7,conceptual,2026-06-01T05:00:52.940745+00:00
eb5a52ee-214c-4e90-a244-6489cf1ad3fa,5ed41b03-2921-4e3b-8c28-2e68b089ce0f,89.7,126,2,chemistry,4,conceptual,2026-06-01T05:00:52.940753+00:00
0bcb8e69-9db8-431f-88ee-31130a69ef6f,5ed41b03-2921-4e3b-8c28-2e68b089ce0f,74.4,184,3,computer_science,4,conceptual,2026-06-01T05:00:52.940764+00:00
40bcc10e-e368-4667-bf38-7324f8e23476,5ed41b03-2921-4e3b-8c28-2e68b089ce0f,72.1,149,3,physics,7,conceptual,2026-06-01T05:00:52.940773+00:00
e20c81c0-9483-4931-b244-6a62c60d1dea,5ed41b03-2921-4e3b-8c28-2e68b089ce0f,76.1,201,2,economics,5,conceptual,2026-06-01T05:00:52.940781+00:00
abfcb576-97ad-48c3-ad34-ab5eef959569,5ed41b03-2921-4e3b-8c28-2e68b089ce0f,88.2,148,2,economics,4,conceptual,2026-06-01T05:00:52.940790+00:00
1b739848-2a8c-42be-8103-698b85fbc8cc,5ed41b03-2921-4e3b-8c28-2e68b089ce0f,80.1,180,1,geography,7,conceptual,2026-06-01T05:00:52.940798+00:00
20d95588-3f3b-4d39-aa11-ec66f3b44831,71e27bc2-679d-4ee9-ab6c-cb0d0631b64d,90.0,68,3,physics,4,memorization,2026-06-01T05:00:52.940807+00:00
81befab0-1bb5-4ab5-b4ed-6f34f8df137f,71e27bc2-679d-4ee9-ab6c-cb0d0631b64d,84.5,36,0,history,7,memorization,2026-06-01T05:00:52.940815+00:00
276f6a1b-a349-4218-80ee-cb56f8226154,71e27bc2-679d-4ee9-ab6c-cb0d0631b64d,86.1,50,3,chemistry,4,memorization,2026-06-01T05:00:52.940824+00:00
91de090e-78fe-4736-91c4-83d974e9ef85,71e27bc2-679d-4ee9-ab6c-cb0d0631b64d,87.2,38,3,mathematics,6,memorization,2026-06-01T05:00:52.940832+00:00
fdf15c07-fcda-42ec-a49a-ae8acb38b2e9,71e27bc2-679d-4ee9-ab6c-cb0d0631b64d,89.1,46,3,economics,5,memorization,2026-06-01T05:00:52.940840+00:00
bd02c25a-fc8a-4234-9c79-488aab3a3f55,71e27bc2-679d-4ee9-ab6c-cb0d0631b64d,90.8,34,3,history,7,memorization,2026-06-01T05:00:52.940849+00:00
dbcde677-381f-41b6-803c-0bd1d515ec10,71e27bc2-679d-4ee9-ab6c-cb0d0631b64d,81.5,69,3,history,3,memorization,2026-06-01T05:00:52.940857+00:00
37b59309-dc1e-4561-bc2a-08b6774d6c5c,71e27bc2-679d-4ee9-ab6c-cb0d0631b64d,99.3,69,0,geography,6,memorization,2026-06-01T05:00:52.940865+00:00
c2c10538-2f74-4029-9e90-5ee2ddb32eae,71e27bc2-679d-4ee9-ab6c-cb0d0631b64d,93.4,42,0,chemistry,6,memorization,2026-06-01T05:00:52.940874+00:00
a495ed51-7752-461b-b475-80b16d0210ff,71e27bc2-679d-4ee9-ab6c-cb0d0631b64d,96.7,45,1,chemistry,4,memorization,2026-06-01T05:00:52.940882+00:00
a11d7a07-7457-4fc2-876e-23a90aeb5231,71e27bc2-679d-4ee9-ab6c-cb0d0631b64d,83.8,49,3,mathematics,4,memorization,2026-06-01T05:00:52.940891+00:00
8c18f17f-d58f-4cc7-bcdd-84bdb22a2e0a,71e27bc2-679d-4ee9-ab6c-cb0d0631b64d,90.8,53,0,economics,6,memorization,2026-06-01T05:00:52.940899+00:00
177931a8-2a38-4f3f-b2db-aa10cec4d8c9,71e27bc2-679d-4ee9-ab6c-cb0d0631b64d,74.0,67,2,mathematics,6,memorization,2026-06-01T05:00:52.940907+00:00
5ab02518-07ff-444d-bdca-72dd93731cbc,71e27bc2-679d-4ee9-ab6c-cb0d0631b64d,85.3,60,2,economics,7,memorization,2026-06-01T05:00:52.940915+00:00
f638a1d4-2161-428d-ac88-c983a9c968ed,71e27bc2-679d-4ee9-ab6c-cb0d0631b64d,80.1,75,3,geography,5,memorization,2026-06-01T05:00:52.940923+00:00
a1a93514-2fbb-4d5b-bd23-6586c525a424,71e27bc2-679d-4ee9-ab6c-cb0d0631b64d,93.0,52,0,physics,5,memorization,2026-06-01T05:00:52.940931+00:00
2aab6e4c-7619-47e3-b4ff-d56ff6e45af8,71e27bc2-679d-4ee9-ab6c-cb0d0631b64d,92.1,75,2,physics,6,memorization,2026-06-01T05:00:52.940940+00:00
171ebd30-cf7f-49df-a427-e31b2ab2affe,71e27bc2-679d-4ee9-ab6c-cb0d0631b64d,90.1,44,1,geography,4,memorization,2026-06-01T05:00:52.940949+00:00
307937b1-a6ac-4f49-b5b2-9aa1b9a2b760,71e27bc2-679d-4ee9-ab6c-cb0d0631b64d,100.0,44,1,physics,5,memorization,2026-06-01T05:00:52.940958+00:00
67fc0d5a-45c1-470b-aabc-f84756fe9b37,71e27bc2-679d-4ee9-ab6c-cb0d0631b64d,79.7,78,2,mathematics,3,memorization,2026-06-01T05:00:52.940966+00:00
f9f7c5e7-a5d2-4b94-bcaa-bb1ba6cded09,71e27bc2-679d-4ee9-ab6c-cb0d0631b64d,82.0,48,1,physics,5,memorization,2026-06-01T05:00:52.940974+00:00
530e6332-085d-4e11-97b3-b3c4c73f2445,71e27bc2-679d-4ee9-ab6c-cb0d0631b64d,91.4,79,3,computer_science,6,memorization,2026-06-01T05:00:52.940983+00:00
6bc53258-131d-4653-af7c-740d0a3a59eb,71e27bc2-679d-4ee9-ab6c-cb0d0631b64d,93.7,80,3,economics,6,memorization,2026-06-01T05:00:52.940991+00:00
2066a2a4-f4aa-4d59-ab83-c8bee1658d40,71e27bc2-679d-4ee9-ab6c-cb0d0631b64d,71.2,65,1,mathematics,4,memorization,2026-06-01T05:00:52.940999+00:00
590527fb-cdac-4aec-9db1-f47ceffef3b5,71e27bc2-679d-4ee9-ab6c-cb0d0631b64d,76.9,48,2,economics,5,memorization,2026-06-01T05:00:52.941010+00:00
0a95c60f-0e16-4f45-9f59-c552cefc19b7,71e27bc2-679d-4ee9-ab6c-cb0d0631b64d,84.8,74,3,biology,5,memorization,2026-06-01T05:00:52.941018+00:00
5c5c6151-4f50-4a66-9c8b-402bd356769a,71e27bc2-679d-4ee9-ab6c-cb0d0631b64d,72.2,46,3,history,4,memorization,2026-06-01T05:00:52.941026+00:00
fe638d0f-197e-42dc-8a54-df7b4ae7b7fb,71e27bc2-679d-4ee9-ab6c-cb0d0631b64d,76.7,56,2,literature,4,memorization,2026-06-01T05:00:52.941035+00:00
dfb0ce74-7cca-4fd3-a50b-7735ad0f898a,71e27bc2-679d-4ee9-ab6c-cb0d0631b64d,94.8,75,0,history,7,memorization,2026-06-01T05:00:52.941043+00:00
89ab0b66-a07e-4440-985f-ce65f8e8976d,71e27bc2-679d-4ee9-ab6c-cb0d0631b64d,87.2,59,1,philosophy,6,memorization,2026-06-01T05:00:52.941051+00:00
2a425aa1-ac45-4242-9d48-498894458b44,71e27bc2-679d-4ee9-ab6c-cb0d0631b64d,90.7,48,0,chemistry,6,memorization,2026-06-01T05:00:52.941059+00:00
6504e5df-0ab9-41ab-84de-0415b0332114,71e27bc2-679d-4ee9-ab6c-cb0d0631b64d,72.8,77,2,computer_science,5,memorization,2026-06-01T05:00:52.941068+00:00
a7d9be8d-f948-4656-8382-46006b1e6dc3,71e27bc2-679d-4ee9-ab6c-cb0d0631b64d,91.2,81,0,philosophy,5,memorization,2026-06-01T05:00:52.941076+00:00
72e52bec-63b5-46aa-aab5-92fa5cccea88,71e27bc2-679d-4ee9-ab6c-cb0d0631b64d,76.3,66,3,literature,3,memorization,2026-06-01T05:00:52.941084+00:00
0e429f4e-c66f-4274-8a7a-293d309169f1,71e27bc2-679d-4ee9-ab6c-cb0d0631b64d,81.3,60,3,geography,3,memorization,2026-06-01T05:00:52.941093+00:00
ce2ddc5c-29a8-4359-9ce4-e68838903779,71e27bc2-679d-4ee9-ab6c-cb0d0631b64d,76.5,74,0,chemistry,7,memorization,2026-06-01T05:00:52.941101+00:00
3ef99a2e-ecd3-4f90-9ea4-d43af6783973,71e27bc2-679d-4ee9-ab6c-cb0d0631b64d,79.6,47,2,biology,6,memorization,2026-06-01T05:00:52.941110+00:00
6356d6fb-6309-450a-97ba-2eb5c38b7b0b,71e27bc2-679d-4ee9-ab6c-cb0d0631b64d,97.3,73,0,physics,4,memorization,2026-06-01T05:00:52.941118+00:00
89705d54-f26d-449e-8cba-2149dcb14db8,71e27bc2-679d-4ee9-ab6c-cb0d0631b64d,80.6,54,3,philosophy,7,memorization,2026-06-01T05:00:52.941129+00:00
7f628808-75da-472b-9902-24953ca0cf38,71e27bc2-679d-4ee9-ab6c-cb0d0631b64d,81.0,53,1,philosophy,3,memorization,2026-06-01T05:00:52.941137+00:00
918bbbed-7ecb-4abd-bc15-1801296655b6,71e27bc2-679d-4ee9-ab6c-cb0d0631b64d,80.5,47,0,biology,4,memorization,2026-06-01T05:00:52.941145+00:00
16eae74b-5581-4686-8ad2-4514e8a132c1,71e27bc2-679d-4ee9-ab6c-cb0d0631b64d,83.1,79,2,philosophy,3,memorization,2026-06-01T05:00:52.941156+00:00
dfefa510-821e-4a04-91b0-51844adcf7f0,71e27bc2-679d-4ee9-ab6c-cb0d0631b64d,73.6,75,3,economics,5,memorization,2026-06-01T05:00:52.941164+00:00
649b7e38-552f-4d89-b045-a3fdf5e26867,71e27bc2-679d-4ee9-ab6c-cb0d0631b64d,91.8,55,3,mathematics,4,memorization,2026-06-01T05:00:52.941173+00:00
b122b0b1-d10a-433a-a21f-aa01ef9ac84a,71e27bc2-679d-4ee9-ab6c-cb0d0631b64d,78.4,65,2,economics,6,memorization,2026-06-01T05:00:52.941181+00:00
fa9b6419-6a0d-487e-8b59-c31ab9ab92dd,71e27bc2-679d-4ee9-ab6c-cb0d0631b64d,85.9,82,1,philosophy,6,memorization,2026-06-01T05:00:52.941193+00:00
7e4b5ee9-3983-4b55-be10-619ebd3cbb8d,71e27bc2-679d-4ee9-ab6c-cb0d0631b64d,83.1,82,3,computer_science,5,memorization,2026-06-01T05:00:52.941201+00:00
5a051512-2100-4090-9b25-d3b0f45ae815,71e27bc2-679d-4ee9-ab6c-cb0d0631b64d,89.3,68,2,physics,6,memorization,2026-06-01T05:00:52.941210+00:00
f28bd041-783e-42dd-99ee-9c34a8f34e19,71e27bc2-679d-4ee9-ab6c-cb0d0631b64d,89.2,61,2,geography,5,memorization,2026-06-01T05:00:52.941218+00:00
6c719eeb-e8d9-456c-9630-391173fccc65,71e27bc2-679d-4ee9-ab6c-cb0d0631b64d,86.3,57,1,chemistry,4,memorization,2026-06-01T05:00:52.941227+00:00
